rouge1,rouge2,rougeL,bertscore_precision,bertscore_recall,bertscore_f1,avg_extractiveness,avg_density
0.38864190612638555,0.14777239704532366,0.2069835850001313,0.876358088850975,0.8464514374732971,0.8610901534557343,0.9376092814925727,0.10060803007551014
