rouge1,rouge2,rougeL,bertscore_precision,bertscore_recall,bertscore_f1,avg_extractiveness,avg_density,bertscore_f1_std,rouge1_std,rouge1_ci_lower,rouge1_ci_upper
0.4379827561544286,0.18344338494775375,0.23551108776488608,0.8721934431791305,0.8578797215223313,0.8648535817861557,0.9172214362848581,0.15161595808035774,0.02708015942292321,0.009864872247899788,0.418741508129867,0.45419424910464345
