rouge1,rouge2,rougeL,bertscore_precision,bertscore_recall,bertscore_f1,avg_extractiveness,avg_density,bertscore_f1_std,rouge1_std,rouge1_ci_lower,rouge1_ci_upper
0.401575924324236,0.16073462730856297,0.2180943813035203,0.8816029232740402,0.8528104823827743,0.866883607506752,0.9226095225917703,0.11505669152602999,0.02528087827259716,0.009344552407061505,0.3846674900347596,0.4199489810044126
