rouge1,rouge2,rougeL,bertscore_precision,bertscore_recall,bertscore_f1,avg_extractiveness,avg_density,bertscore_f1_std,rouge1_std,rouge1_ci_lower,rouge1_ci_upper
0.4138566793651749,0.1559092805433303,0.21422164812352884,0.8768527257442474,0.8536643898487091,0.8650202095508576,0.9164444594383131,0.12237170754035741,0.02227459340619625,0.009366108572187613,0.3943447332607917,0.4337812108497738
