rouge1,rouge2,rougeL,bertscore_precision,bertscore_recall,bertscore_f1,avg_extractiveness,avg_density
0.35298708956356395,0.14031846733653114,0.2019502989719664,0.8821154922246933,0.8408776849508286,0.8608874887228012,0.8993265149739059,0.13345962355609722
