rouge1,rouge2,rougeL,bertscore_precision,bertscore_recall,bertscore_f1,avg_extractiveness,avg_density
0.4279837865368342,0.16716447998161946,0.21861794019031253,0.8652988493442535,0.8544849991798401,0.8596918195486069,0.9294243288150167,0.20956651535292425
